1943801,javascript
1633765,java
1379575,c#
1342960,python
1331127,php
1249865,android
976411,jquery
966172,html
653882,c++
646563,css
620570,ios
585308,mysql
526945,sql
352758,asp.net
326233,r
321121,c
317886,arrays
314144,ruby-on-rails
310673,node.js
292507,.net
289177,objective-c
281687,json
277852,sql-server
259670,angularjs
255320,swift
220558,regex
219442,django
214213,excel
210636,ruby
208589,python-3.x
205776,ajax
201548,angular
190093,xml
186456,asp.net-mvc
186290,reactjs
184467,linux
163374,database
163026,spring
159039,vba
158341,wordpress
154351,wpf
147963,string
138500,xcode
136909,windows
136790,laravel
136072,pandas
128088,vb.net
124279,mongodb
120579,bash
120399,multithreading
118639,eclipse
118536,oracle
118366,git
111561,postgresql
103613,typescript
99293,forms
97260,image
97109,twitter-bootstrap
96816,macos
96679,algorithm
96214,list
95137,scala
92922,visual-studio
92724,python-2.7
87679,amazon-web-services
87642,winforms
86496,matlab
86267,performance
86081,apache
84111,facebook
83261,firebase
82615,entity-framework
81869,azure
81258,hibernate
80615,sqlite
80285,function
80080,excel-vba
76955,powershell
76944,linq
75312,rest
75012,shell
74773,swing
74569,spring-boot
73860,api
73804,qt
71661,maven
70012,selenium
70000,docker
69673,numpy
68838,loops
67624,file
67518,unit-testing
67518,react-native
67235,.htaccess
66950,csv
65610,codeigniter
64718,symfony
64167,perl
63044,class
62033,google-maps
61847,dataframe
61506,android-studio
61304,uitableview
61204,google-chrome
60936,tsql
60170,sorting
59997,express
59977,cordova
59594,date
59403,web-services
58442,validation
57719,sockets
56947,apache-spark
56077,http
55983,ruby-on-rails-3
54852,opencv
54761,xaml
54078,android-layout
53409,sql-server-2008
52822,spring-mvc
52353,datetime
51937,email
51840,tensorflow
51712,dictionary
50590,oop
50386,jsp
50026,c++11
49731,wcf
49705,vue.js
49223,listview
49137,security
48849,parsing
48825,object
48530,for-loop
48184,unity3d
47536,ubuntu
47417,user-interface
47045,batch-file
46619,visual-studio-2010
45664,pointers
45333,templates
45147,delphi
45055,ms-access
44984,if-statement
44345,matplotlib
44329,google-app-engine
44299,variables
43549,go
43527,debugging
43261,authentication
43082,haskell
42730,elasticsearch
42593,unix
42008,asp.net-mvc-4
41645,pdf
41515,hadoop
41457,session
41289,actionscript-3
41203,ssl
41007,jpa
40998,android-fragments
40892,asp.net-core
40125,xamarin
39780,generics
39582,nginx
39300,tomcat
39051,jquery-ui
38991,jenkins
38884,asynchronous
38755,cocoa
38587,asp.net-mvc-3
38351,internet-explorer
37798,testing
37754,url
37688,ionic-framework
37665,magento
37611,animation
37480,web
36902,curl
36804,selenium-webdriver
36645,machine-learning
36547,gradle
36486,ruby-on-rails-4
36209,github
36206,laravel-5
35606,firefox
35592,inheritance
35572,recursion
35335,redirect
35290,exception
35205,flash
35130,winapi
34826,post
34757,jsf
34729,d3.js
34612,cocoa-touch
34514,ipad
34462,math
34389,kotlin
34368,flutter
34038,svg
33995,dom
33789,image-processing
33777,opengl
33741,facebook-graph-api
33709,xslt
33487,events
33391,select
33339,heroku
33336,gcc
33278,iis
33263,flask
33196,button
33158,caching
33052,assembly
32932,asp.net-web-api
32867,intellij-idea
32855,logging
32710,amazon-s3
32413,matrix
32325,search
32227,javafx
32111,stored-procedures
31945,servlets
31936,ggplot2
31521,networking
31461,xpath
30965,canvas
30846,mod-rewrite
30733,cakephp
30594,audio
30592,encryption
30316,optimization
30242,npm
29997,memory
29607,video
29605,webpack
29547,model-view-controller
29523,google-apps-script
29470,firebase-realtime-database
29306,razor
29256,jakarta-ee
29236,cookies
29126,arraylist
29114,mongoose
29104,tkinter
29007,grails
28957,android-intent
28749,jdbc
28643,iframe
28561,multidimensional-array
28437,meteor
28218,vector
28092,design-patterns
28070,serialization
27884,visual-c++
27826,plot
27615,random
27445,silverlight
27318,django-models
27203,android-activity
27083,mysqli
26922,activerecord
26796,input
26706,amazon-ec2
26625,core-data
26395,web-scraping
26379,checkbox
26309,indexing
26150,svn
26106,text
26002,awk
25904,mobile
25754,soap
25738,gridview
25587,mvvm
25568,c#-4.0
25514,dart
25419,sharepoint
25094,data-structures
25087,methods
24851,vim
24580,groovy
24458,boost
24312,google-maps-api-3
24210,apache-flex
24192,memory-management
24186,file-upload
24104,google-sheets
23956,layout
23870,kubernetes
23849,keras
23827,extjs
23542,struct
23489,dynamic
23464,ecmascript-6
23434,lambda
23376,sed
23374,ember.js
23312,xamarin.forms
23120,ssh
23112,visual-studio-2012
22936,dll
22914,browser
22845,reporting-services
22828,redux
22818,twitter
22813,jquery-mobile
22738,netbeans
22546,pdo
22455,google-chrome-extension
22317,woocommerce
22285,junit
22213,plsql
22205,plugins
22066,graph
22024,replace
22001,reflection
21977,unicode
21912,filter
21783,database-design
21736,spring-security
21727,.net-core
21661,charts
21618,highcharts
21253,android-recyclerview
21041,data-binding
21014,twitter-bootstrap-3
20918,cmd
20892,encoding
20857,hash
20793,dependency-injection
20775,service
20708,types
20688,gwt
20644,backbone.js
20590,https
20478,collections
20447,zend-framework
20344,visual-studio-code
20306,tfs
20128,makefile
20079,command-line
20018,deployment
19977,import
19839,knockout.js
19821,web-applications
19808,windows-phone-7
19745,excel-formula
19736,websocket
19735,printing
19712,google-cloud-platform
19678,file-io
19617,error-handling
19600,utf-8
19504,drupal
19503,drop-down-menu
19479,html-table
19430,webview
19398,visual-studio-2015
19362,tcp
19323,parse-platform
19267,while-loop
18834,solr
18822,visual-studio-2013
18792,neo4j
18789,sass
18715,nhibernate
18712,login
18702,view
18648,scroll
18641,paypal
18606,java-8
18583,datagridview
18494,merge
18399,sql-server-2005
18383,server
18368,beautifulsoup
18357,windows-phone-8
18346,primefaces
18303,swift3
18217,pyspark
18216,datatable
18205,concurrency
18203,build
18161,oracle11g
18064,eloquent
18061,syntax
18049,uiview
18043,scikit-learn
17955,group-by
17926,hive
17883,split
17866,uwp
17861,google-analytics
17861,graphics
17817,ssis
17802,vbscript
17749,enums
17719,fonts
17719,terminal
17688,parameters
17677,cmake
17577,memory-leaks
17523,oauth
17487,redis
17438,colors
17405,shiny
17388,constructor
17370,bootstrap-4
17364,module
17332,angularjs-directive
17271,apache-kafka
17106,timer
17021,vuejs2
16900,rspec
16888,jar
16824,dplyr
16775,cassandra
16702,interface
16666,playframework
16612,emacs
16598,orm
16594,oauth-2.0
16554,yii
16551,django-rest-framework
16548,casting
16545,promise
16439,lua
16416,parallel-processing
16357,proxy
16320,combobox
16246,hyperlink
16179,push-notification
16157,doctrine-orm
16101,directory
16053,clojure
15977,sql-server-2012
15943,jsf-2
15939,properties
15926,outlook
15905,count
15851,datatables
15814,socket.io
15802,process
15736,visual-studio-2008
15723,uiviewcontroller
15691,compiler-errors
15689,automation
15668,kendo-ui
15623,three.js
15606,download
15573,triggers
15561,version-control
15535,arduino
15497,configuration
15382,android-listview
15351,binding
15331,model
15305,deep-learning
15272,google-api
15245,io
15222,ms-word
15210,scipy
15177,callback
15148,asp.net-mvc-5
15116,functional-programming
15093,xamarin.android
15065,url-rewriting
15057,joomla
15037,linked-list
15035,sqlalchemy
15008,path
15004,rust
14997,scope
14991,safari
14976,neural-network
14960,phpmyadmin
14864,responsive-design
14812,bluetooth
14803,scripting
14797,ios7
14772,autocomplete
14768,nullpointerexception
14707,aws-lambda
14695,bitmap
14686,google-cloud-firestore
14628,async-await
14557,datepicker
14517,architecture
14514,permissions
14494,pagination
14478,datagrid
14475,exception-handling
14469,dns
14450,compilation
14443,laravel-4
14437,linq-to-sql
14422,webforms
14419,reference
14404,f#
14318,3d
14312,menu
14282,android-asynctask
14265,xamarin.ios
14245,controller
14238,routing
14227,grep
14217,cron
14217,devise
14192,linux-kernel
14190,jboss
14190,static
14157,django-forms
14093,flexbox
14090,get
13940,youtube
13927,docker-compose
13861,tree
13859,yii2
13759,notifications
13700,transactions
13573,stl
13565,routes
13547,opengl-es
13503,character-encoding
13344,pip
13333,null
13288,react-redux
13285,pyqt
13237,azure-devops
13234,active-directory
13210,jmeter
13195,coldfusion
13085,ftp
13057,background
13017,jquery-plugins
13010,textview
12961,spring-data-jpa
12961,msbuild
12954,rxjs
12942,scrapy
12936,request
12910,xsd
12875,x86
12852,django-templates
12840,sdk
12835,django-views
12834,camera
12802,apache-spark-sql
12798,upload
12783,raspberry-pi
12730,ansible
12661,stream
12639,uicollectionview
12575,android-ndk
12566,sprite-kit
12542,jackson
12530,installation
12525,nlp
12475,openssl
12327,cuda
12306,hashmap
12265,visual-studio-2017
12251,xml-parsing
12247,onclick
12179,google-bigquery
12137,ionic2
12127,nested
12093,sas
12083,pygame
12024,floating-point
12022,uiscrollview
12011,localization
11976,binary
11948,libgdx
11908,calendar
11907,gulp
11882,ios5
11864,firebase-authentication
11728,crystal-reports
11707,mfc
11671,python-requests
11670,access-vba
11660,macros
11659,header
11654,mapreduce
11653,textbox
11650,react-router
11607,drag-and-drop
11593,linker
11591,iterator
11575,javascript-events
11569,statistics
11551,android-gradle-plugin
11521,crash
11503,cryptography
11480,jasmine
11461,mocking
11430,console
11389,css-selectors
11386,angular-material
11366,navigation
11255,lucene
11251,struts2
11245,sql-server-2008-r2
11176,android-edittext
11166,asp-classic
11132,annotations
11100,eclipse-plugin
10997,google-drive-api
10996,jupyter-notebook
10964,dialog
10948,sum
10927,centos
10927,windows-7
10913,listbox
10903,namespaces
10900,prolog
10878,uinavigationcontroller
10863,json.net
10838,duplicates
10820,segmentation-fault
10794,formatting
10781,jqgrid
10778,mongodb-query
10772,ios4
10770,keyboard
10752,geolocation
10736,char
10721,attributes
10712,frameworks
10704,compiler-construction
10677,uibutton
10647,xampp
10645,uiwebview
10636,garbage-collection
10623,computer-vision
10607,nosql
10589,operating-system
10529,protractor
10516,type-conversion
10502,rotation
10502,ionic3
10500,rabbitmq
10436,doctrine
10393,android-emulator
10370,delegates
10369,geometry
10367,jaxb
10344,windows-8
10343,uiimageview
10323,fortran
10316,event-handling
10310,cocos2d-iphone
10303,pycharm
10272,autolayout
10270,android-viewpager
10267,jvm
10245,timestamp
10196,xmlhttprequest
10162,webdriver
10139,db2
10129,vb6
10067,continuous-integration
10065,internationalization
10052,ldap
10021,modal-dialog
10008,cors
10005,entity-framework-6
10004,network-programming
9999,angular-ui-router
9987,serial-port
9950,http-headers
9857,jersey
9852,html5-canvas
9836,dependencies
9834,smtp
9823,sonarqube
9798,format
9789,wso2
9789,user-controls
9771,drupal-7
9764,rubygems
9759,numbers
9756,youtube-api
9750,grid
9718,gps
9706,coffeescript
9705,data.table
9613,anaconda
9605,mono
9539,multiprocessing
9530,initialization
9489,windows-10
9474,integer
9471,leaflet
9469,int
9469,popup
9460,time-series
9448,iis-7
9443,automated-tests
9438,asp.net-core-mvc
9405,apache-camel
9399,ado.net
9384,set
9382,switch-statement
9362,ios8
9273,package
9267,imageview
9265,passwords
9256,dojo
9254,wix
9233,return
9231,find
9224,graphql
9212,jestjs
9200,mockito
9187,google-play
9178,entity-framework-core
9165,sql-update
9164,copy
9163,foreign-keys
9161,twig
9154,synchronization
9143,spring-data
9134,actionscript
9105,radio-button
9100,boolean
9099,telerik
9098,gdb
9087,hover
9080,udp
9067,jframe
9065,stack
9039,electron
9008,gruntjs
8993,map
8951,nuget
8948,widget
8944,wsdl
8931,jwt
8917,composer-php
8903,queue
8899,angularjs-scope
8867,base64
8854,subprocess
8829,uiimage
8797,java-native-interface
8772,ios6
8769,arguments
8765,qml
8741,android-actionbar
8739,storyboard
8724,axios
8717,.net-4.0
8708,gmail
8696,zend-framework2
8694,erlang
8683,gitlab
8639,dataset
8638,cross-browser
8624,connection
8618,command
8615,azure-active-directory
8590,internet-explorer-8
8568,save
8567,environment-variables
8560,sharepoint-2010
8551,migration
8540,g++
8501,slider
8496,swift2
8494,asp.net-mvc-2
8492,resources
8472,phpunit
8469,blackberry
8464,cucumber
8453,polymorphism
8445,location
8426,jquery-selectors
8417,windows-runtime
8409,append
8344,itext
8341,resize
8331,ckeditor
8317,ruby-on-rails-5
8311,gson
8306,google-cloud-functions
8281,click
8254,debian
8252,treeview
8241,log4j
8239,amazon-dynamodb
8233,tuples
8232,timeout
8212,polymer
8210,compare
8170,windows-services
8170,google-visualization
8156,jasper-reports
8144,django-admin
8140,angular6
8140,admob
8138,web-config
8134,firebase-cloud-messaging
8116,jtable
8111,certificate
8089,web-crawler
8084,ef-code-first
8058,filesystems
8047,apache-poi
8035,components
8029,zip
8020,thread-safety
8017,embedded
8010,mercurial
8009,localhost
8009,realm
7999,window
7994,language-agnostic
7992,vagrant
7977,in-app-purchase
7953,uikit
7936,hex
7934,range
7921,uitextfield
7921,subquery
7913,ip
7895,mariadb
7885,iteration
7876,position
7841,kernel
7837,icons
7829,controls
7826,pivot
7805,label
7795,odbc
7792,maps
7788,compression
7769,salesforce
7767,yaml
7756,ssl-certificate
7740,pattern-matching
7736,imagemagick
7736,windows-phone-8.1
7715,fullcalendar
7713,pyqt5
7703,broadcastreceiver
7683,aggregation-framework
7681,escaping
7671,authorization
7664,pipe
7663,cypher
7654,windows-installer
7649,jenkins-pipeline
7634,latex
7626,selenium-chromedriver
7620,export
7610,pthreads
7604,styles
7579,locking
7569,singleton
7562,printf
7560,requirejs
7547,wordpress-theming
7546,phantomjs
7544,angularjs-ng-repeat
7544,glassfish
7535,output
7530,java-stream
7508,elixir
7490,http-post
7488,dockerfile
7466,applet
7452,typo3
7444,entity-framework-4
7433,asp.net-web-api2
7431,signalr
7421,coding-style
7408,closures
7404,rss
7389,substring
7389,repository
7380,install
7362,laravel-5.2
7340,mapping
7328,applescript
7316,malloc
7297,kivy
7290,syntax-error
7289,hdfs
7284,alignment
7281,xna
7279,seo
7258,clang
7258,gtk
7242,google-cloud-messaging
7240,android-sqlite
7235,sequelize.js
7222,swagger
7198,logic
7185,apple-push-notifications
7181,runtime-error
7178,mocha
7172,akka
7160,cygwin
7142,fragment
7125,cocoapods
7112,local-storage
7102,global-variables
7093,many-to-many
7084,chart.js
7081,nsstring
7080,tinymce
7076,app-store
7070,containers
7066,webserver
7061,constraints
7058,bigdata
7052,scheme
7043,client
7034,tableview
7028,usb
7019,jpanel
7018,testng
7017,ruby-on-rails-3.2
7006,overriding
6989,asp.net-identity
6987,video-streaming
6981,playframework-2.0
6968,apache2
6968,powerbi
6957,operator-overloading
6947,full-text-search
6945,comparison
6944,firefox-addon
6943,kendo-grid
6940,conditional-statements
6937,observable
6917,jax-rs
6914,windows-store-apps
6910,bluetooth-lowenergy
6910,webkit
6868,material-design
6866,qt5
6854,out-of-memory
6840,windows-phone
6831,jms
6824,twilio
6809,cloud
6804,google-cloud-storage
6791,try-catch
6781,google-cloud-datastore
6779,refactoring
6775,mule
6761,logstash
6741,uilabel
6723,task
6709,content-management-system
6702,time-complexity
6698,wordpress-plugin
6687,conditional
6675,hbase
6672,media-queries
6670,handlebars.js
6654,android-webview
6650,oracle10g
6638,google-chrome-devtools
6638,concatenation
6637,runtime
6628,jquery-validate
6610,c++14
6608,celery
6603,google-play-services
6588,azure-sql-database
6585,themes
6585,xhtml
6572,jetty
6571,angular5
6546,frontend
6537,rstudio
6526,wxpython
6524,dynamics-crm
6515,linq-to-entities
6503,parameter-passing
6498,devexpress
6496,html5-video
6495,bit-manipulation
6482,report
6477,shared-libraries
6471,tcl
6456,botframework
6445,command-line-interface
6440,ejb
6438,streaming
6431,operators
6408,retrofit
6399,material-ui
6397,julia
6396,focus
6376,progress-bar
6368,expression
6361,sails.js
6347,character
6346,build.gradle
6340,nunit
6339,bitbucket
6337,registry
6335,odata
6327,glsl
6326,ipython
6309,office365
6300,gem
6297,pdf-generation
6297,sharedpreferences
6292,httprequest
6289,amazon-elastic-beanstalk
6259,websphere
6258,uitabbarcontroller
6253,spring-integration
6243,jsoup
6240,sh
6237,sitecore
6236,byte
6197,deserialization
6197,thymeleaf
6185,virtual-machine
6174,webrtc
6171,fetch
6170,android-service
6165,xcode6
6163,apk
6157,android-volley
6147,database-connection
6142,liferay
6140,chef
6134,decimal
6118,interface-builder
6116,nativescript
6109,notepad++
6107,size
6096,sql-order-by
6095,azure-functions
6091,postman
6085,2d
6082,angular-cli
6075,tooltip
6072,regression
6070,phpstorm
6053,bootstrap-modal
6050,relational-database
6041,ocaml
6038,schema
6036,ibm-mobilefirst
6032,openshift
6030,lisp
6024,rx-java
5994,artificial-intelligence
5993,adb
5985,jquery-animate
5976,appium
5973,signals
5966,awt
5966,touch
5965,stripe-payments
5959,vue-component
5959,android-camera
5944,ibm-cloud
5943,spring-batch
5939,classification
5925,client-server
5920,sapui5
5919,retrofit2
5918,c++-cli
5914,ssrs-2008
5907,jinja2
5907,momentjs
5905,blob
5893,row
5889,.net-3.5
5889,openerp
5866,case
5863,osgi
5860,microsoft-graph
5845,uml
5838,jenkins-plugins
5834,swt
5812,single-sign-on
5800,java-me
5795,xmpp
5793,javafx-8
5788,uinavigationbar
5771,r-markdown
5767,ms-access-2010
5764,console-application
5760,gpu
5754,scheduled-tasks
5753,nltk
5750,sap
5749,scanf
5737,64-bit
5736,fluent-nhibernate
5717,couchdb
5707,overloading
5699,ascii
5698,markdown
5682,tdd
5682,scrollview
5678,aes
5677,png
5676,buffer
5667,textarea
5665,css-float
5655,cross-domain
5654,weblogic
5648,associations
5644,entity
5636,text-files
5634,pug
5628,http-status-code-404
5626,swift4
5622,azure-web-sites
5611,height
5609,angular7
5607,avfoundation
5600,underscore.js
5596,teamcity
5594,pyqt4
5591,sublimetext3
5591,extjs4
5588,installer
5586,preg-replace
5584,virtualenv
5581,filtering
5581,excel-2010
5572,maven-2
5572,processing
5569,mpi
5561,pivot-table
5544,domain-driven-design
5543,ssms
5542,win-universal-app
5536,structure
5524,task-parallel-library
5523,editor
5521,fork
5519,uitextview
5518,android-widget
5514,token
5506,vsto
5486,capybara
5486,pytorch
5485,tomcat7
5473,gnuplot
5472,aggregate
5466,mingw
5461,prepared-statement
5459,plotly
5454,xcode4
5430,python-imaging-library
5420,width
5416,ember-data
5415,integration-testing
5408,grouping
5400,google-calendar-api
5398,drawing
5398,adobe
5394,jstl
5392,mapkit
5389,webgl
5377,shader
5368,ms-office
5357,rsa
5357,conv-neural-network
5342,html-parsing
5335,comments
5333,mouseevent
5326,port
5322,httpwebrequest
5321,directx
5314,titanium
5314,nsmutablearray
5313,passport.js
5311,ios-simulator
5310,nsarray
5306,html-lists
5306,ruby-on-rails-3.1
5304,profiling
5299,cordova-plugins
5298,lodash
5293,java.util.scanner
5293,wpf-controls
5287,qt4
5283,version
5281,interop
5280,query-optimization
5276,uri
5271,scrollbar
5268,wamp
5267,cross-platform
5265,cxf
5263,httpclient
5259,xpages
5257,coordinates
5251,rendering
5249,alamofire
5241,eclipse-rcp
5238,mysql-workbench
5231,silverlight-4.0
5230,fancybox
5230,google-oauth
5215,sinatra
5210,undefined
5210,binary-tree
5196,jekyll
5189,activemq
5189,field
5183,textures
5183,storage
5173,virtualbox
5173,wildfly
5162,preg-match
5159,android-alertdialog
5150,subdomain
5145,language-lawyer
5137,android-manifest
5132,exec
5126,css-position
5126,apache-pig
5124,css-animations
5122,react-native-android
5116,app-store-connect
5116,automapper
5114,common-lisp
5108,zurb-foundation
5090,facebook-javascript-sdk
5090,accessibility
5088,gzip
5088,background-image
5087,echo
5085,c++17
5080,css-transitions
5079,android-animation
5078,protocol-buffers
5062,karma-jasmine
5057,c-preprocessor
5054,state
5053,microservices
5049,big-o
5045,navigation-drawer
5038,vhdl
5037,xslt-1.0
5037,const
5030,opencl
5024,backup
5023,line
5019,metadata
5019,cgi
5016,google-compute-engine
5010,opencart
5008,shopify
5004,overflow
5004,toggle
5001,ssas
5001,internet-explorer-11